acrr	acra
acrr	acrb
ada	ada
ada	aidb
ada	alka
ada	alkb
adiy	adia
alpa	slp
appy	appa
appy	appb
appy	appc
appy	hyaa
appy	hyab
appy	hyac
appy	hyad
appy	hyae
appy	hyaf
arac	araa
arac	arab
arac	arac
arac	arad
arac	arae
arac	araf
arac	arag
arac	arah_1
arac	arah_2
arac	araj
arca	acea
arca	aceb
arca	acek
arca	acna
arca	acnb
arca	alda
arca	appa
arca	appb
arca	appc
arca	appy
arca	b0725
arca	beta
arca	betb
arca	beti
arca	bett
arca	cyda
arca	cydb
arca	cyoa
arca	cyob
arca	cyoc
arca	cyod
arca	cyoe
arca	dcta
arca	fada
arca	fadb
arca	foca
arca	fuma
arca	fumc
arca	glcb
arca	glcd
arca	glce
arca	glcf
arca	glcg
arca	glpa
arca	glpb
arca	glpc
arca	glta
arca	hyaa
arca	hyab
arca	hyac
arca	hyad
arca	hyae
arca	hyaf
arca	icda
arca	lctd
arca	lctp
arca	lctr
arca	lpda
arca	mdh
arca	nuoa
arca	nuob
arca	nuoc
arca	nuoe
arca	nuof
arca	nuog
arca	nuoh
arca	nuoi
arca	nuoj
arca	nuok
arca	nuol
arca	nuom
arca	nuon
arca	pflb
arca	sdha
arca	sdhb
arca	sdhc
arca	sdhd
arca	soda
arca	suca
arca	sucb
arca	succ
arca	sucd
argr	argb
argr	argc
argr	argd
argr	arge
argr	argf
argr	argh
argr	argi
argr	argr
argr	cara
argr	carb
arsr	arse
arsr	arsf
arsr	arsg
asnc	asna
asnc	asnc
atoc	atoa
atoc	atob
atoc	atod
atoc	atoe
beti	beta
beti	betb
beti	beti
beti	bett
bira	bioa
bira	biob
bira	bioc
bira	biod
bira	biof
cadc	cada
cadc	cadb
caif	caia
caif	caib
caif	caic
caif	caid
caif	caie
caif	cait
caif	fixa
caif	fixb
caif	fixc
caif	fixx
cbl	ssua
cbl	ssub
cbl	ssuc
cbl	ssud
cbl	ssue
cbl	taua
cbl	taub
cbl	tauc
cbl	taud
cpxr	cpxa
cpxr	cpxp
cpxr	cpxr
cpxr	dcub
cpxr	dsba
cpxr	dsbc
cpxr	ecfi
cpxr	fabz
cpxr	fumb
cpxr	htra
cpxr	lpxa
cpxr	lpxd
cpxr	mota
cpxr	motb
cpxr	recj
cpxr	rota
cpxr	skp
cpxr	xprb
crp	acna
crp	acnb
crp	alda
crp	aldb
crp	ansb
crp	araa
crp	arab
crp	arac
crp	arad
crp	arae
crp	araf
crp	arag
crp	arah_1
crp	arah_2
crp	araj
crp	aspa
crp	b0725
crp	caia
crp	caib
crp	caic
crp	caid
crp	caie
crp	caif
crp	cait
crp	cira
crp	cpdb
crp	crp
crp	crr
crp	cyaa
crp	dada
crp	dadx
crp	dcta
crp	dcua
crp	dcub
crp	deoa
crp	deob
crp	deoc
crp	deod
crp	dsda
crp	dsdx
crp	ebga
crp	ebgc
crp	envz
crp	epd
crp	fadl
crp	fixa
crp	fixb
crp	fixc
crp	fixx
crp	flhc
crp	flhd
crp	foca
crp	fuca
crp	fuci
crp	fuck
crp	fuco
crp	fucp
crp	fucr
crp	fucu
crp	fumb
crp	fur
crp	gale
crp	galk
crp	galm
crp	gals
crp	galt
crp	glga
crp	glgc
crp	glgp
crp	glgs
crp	glna
crp	glng
crp	glnl
crp	glpa
crp	glpb
crp	glpc
crp	glpd
crp	glpe
crp	glpf
crp	glpg
crp	glpk
crp	glpq
crp	glpr
crp	glpt
crp	glta
crp	gntk
crp	gntt
crp	gntu_1
crp	gntu_2
crp	guaa
crp	guab
crp	gutm
crp	gutq
crp	gyra
crp	hlye
crp	hupa
crp	hupb
crp	ilvb
crp	ilvn
crp	ivbl
crp	laca
crp	lacy
crp	lacz
crp	lamb
crp	lpda
crp	male
crp	malf
crp	malg
crp	mali
crp	malk
crp	malm
crp	mals
crp	malt
crp	malx
crp	maly
crp	manx
crp	many
crp	manz
crp	mdh
crp	mela
crp	melb
crp	melr
crp	mgla
crp	mglb
crp	mglc
crp	mtla
crp	mtld
crp	mtlr
crp	naga
crp	nagb
crp	nagc
crp	nagd
crp	nage
crp	nmpc
crp	nupc
crp	nupg
crp	ompa
crp	ompr
crp	pflb
crp	pgk
crp	ppia
crp	prop
crp	ptsh
crp	ptsi
crp	putp
crp	rbsa
crp	rbsb
crp	rbsc
crp	rbsd
crp	rbsk
crp	rhaa
crp	rhab
crp	rhad
crp	rhat
crp	rpoh
crp	sdha
crp	sdhb
crp	sdhc
crp	sdhd
crp	spec
crp	srla
crp	srlb
crp	srld
crp	srle
crp	srlr
crp	suca
crp	sucb
crp	succ
crp	sucd
crp	tdca
crp	tdcb
crp	tdcc
crp	tdcd
crp	tdce
crp	tdcf
crp	tdcg
crp	tnaa
crp	tnab
crp	tnal
crp	tsx
crp	ubig
crp	udp
crp	uhpt
crp	uxua
crp	uxub
crp	yhfa
crp	yiaj
crp	yiak
crp	yial
crp	yiam
crp	yian
crp	yiao
crp	yiap
crp	yiaq
crp	yiar
crp	yias
csgd	csga
csgd	csgb
csgd	csgd
csgd	csge
csgd	csgf
csgd	csgg
cspa	gyra
cspa	hns
cynr	cynr
cynr	cyns
cynr	cynt
cynr	cynx
cysb	cysa
cysb	cysb
cysb	cysc
cysb	cysd
cysb	cysh
cysb	cysi
cysb	cysj
cysb	cysk
cysb	cysm
cysb	cysn
cysb	cysp
cysb	cysu
cysb	cysw
cysb	taua
cysb	taub
cysb	tauc
cysb	taud
cytr	deoa
cytr	deob
cytr	deoc
cytr	deod
cytr	nupc
cytr	nupg
cytr	ppia
cytr	rpoh
cytr	tsx
cytr	udp
dcur	dcta
dcur	frda
dcur	frdb
dcur	frdc
dcur	frdd
dcur	fumb
deor	deoa
deor	deob
deor	deoc
deor	deod
deor	nupg
deor	tsx
dnaa	dnaa
dnaa	dnan
dnaa	guaa
dnaa	guab
dnaa	nrda
dnaa	nrdb
dnaa	recf
dnaa	rpoh
dsdc	dsda
dsdc	dsdc
dsdc	dsdx
ebgr	ebga
ebgr	ebgc
emrr	emra
emrr	emrb
emrr	emrr
envy	ompc
envy	ompf
evga	ompc
exur	exur
exur	exut
exur	uxaa
exur	uxac
exur	uxua
exur	uxub
exur	uxur
fadr	faba
fadr	fada
fadr	fadb
fadr	fadl
fadr	iclm
fadr	iclr
fadr	uspa
feci	feca
feci	fecb
feci	fecc
feci	fecd
feci	fece
feci	feci
feci	fecr
fhla	fdhf
fhla	hyca
fhla	hycb
fhla	hycc
fhla	hycd
fhla	hyce
fhla	hycf
fhla	hycg
fhla	hych
fhla	hydn
fhla	hypa
fhla	hypb
fhla	hypc
fhla	hypd
fhla	hype
fhla	hypf
fis	acnb
fis	adhe
fis	alaw
fis	alax
fis	aldb
fis	argu
fis	argw
fis	argx
fis	aspv
fis	b0725
fis	fis
fis	glnu
fis	glnv
fis	glnw
fis	glnx
fis	glyt
fis	guaa
fis	guab
fis	hisr
fis	hupa
fis	hupb
fis	infb
fis	leup
fis	leuq
fis	leut
fis	leuv
fis	leuw
fis	leux
fis	lpda
fis	lyst
fis	lysv
fis	lysw
fis	mett
fis	metu
fis	mety
fis	mtla
fis	mtld
fis	mtlr
fis	ndh
fis	nrda
fis	nrdb
fis	nusa
fis	pheu
fis	phev
fis	pnp
fis	prok
fis	prol
fis	prom
fis	prop
fis	rbfa
fis	rpso
fis	sdha
fis	sdhb
fis	sdhc
fis	sdhd
fis	sert
fis	serx
fis	suca
fis	sucb
fis	succ
fis	sucd
fis	thrt
fis	thru
fis	thrw
fis	trub
fis	tyrt
fis	tyru
fis	tyrv
fis	valt
fis	valu
fis	valx
fis	valy
fis	yhbc
fis	yhdg
flhdc	flga
flhdc	flgb
flhdc	flgc
flhdc	flgd
flhdc	flge
flhdc	flgf
flhdc	flgg
flhdc	flgh
flhdc	flgi
flhdc	flgj
flhdc	flgk
flhdc	flgm
flhdc	flgn
flhdc	flha
flhdc	flhb
flhdc	flhe
flhdc	flia
flhdc	flie
flhdc	flif
flhdc	flig
flhdc	flih
flhdc	flii
flhdc	flij
flhdc	flik
flhdc	flil
flhdc	flim
flhdc	flin
flhdc	flio
flhdc	flip
flhdc	fliq
flhdc	flir
flhdc	fliy
flhdc	fliz
fnr	acna
fnr	adhe
fnr	ansb
fnr	arca
fnr	aspa
fnr	b0725
fnr	caif
fnr	ccma
fnr	ccmb
fnr	ccmc
fnr	ccmd
fnr	ccme
fnr	ccmf
fnr	ccmh
fnr	cyda
fnr	cydb
fnr	cydc
fnr	cydd
fnr	cyoa
fnr	cyob
fnr	cyoc
fnr	cyod
fnr	cyoe
fnr	cysg
fnr	dcua
fnr	dcub
fnr	dmsa
fnr	dmsb
fnr	dmsc
fnr	dsbe
fnr	fdng
fnr	fdnh
fnr	fdni
fnr	fnr
fnr	foca
fnr	frda
fnr	frdb
fnr	frdc
fnr	frdd
fnr	fumb
fnr	glpa
fnr	glpb
fnr	glpc
fnr	hlye
fnr	hypa
fnr	hypb
fnr	hypc
fnr	hypd
fnr	hype
fnr	icda
fnr	napa
fnr	napb
fnr	napc
fnr	napd
fnr	napf
fnr	napg
fnr	naph
fnr	narg
fnr	narh
fnr	nari
fnr	narj
fnr	nark
fnr	narl
fnr	narx
fnr	ndh
fnr	nika
fnr	nikb
fnr	nikc
fnr	nikd
fnr	nike
fnr	nikr
fnr	nirb
fnr	nirc
fnr	nird
fnr	nrfa
fnr	nrfb
fnr	nrfc
fnr	nrfd
fnr	nrfe
fnr	nrff
fnr	nrfg
fnr	nuoa
fnr	nuob
fnr	nuoc
fnr	nuoe
fnr	nuof
fnr	nuog
fnr	nuoh
fnr	nuoi
fnr	nuoj
fnr	nuok
fnr	nuol
fnr	nuom
fnr	nuon
fnr	pflb
fnr	sdha
fnr	sdhb
fnr	sdhc
fnr	sdhd
fnr	soda
fnr	suca
fnr	sucb
fnr	succ
fnr	sucd
fnr	tdca
fnr	tdcb
fnr	tdcc
fnr	tdcd
fnr	tdce
fnr	tdcf
fnr	tdcg
fnr	yeil
frur	acea
frur	aceb
frur	acek
frur	adhe
frur	crr
frur	cysg
frur	eda
frur	edd
frur	epd
frur	frua
frur	frub
frur	fruk
frur	icda
frur	mtla
frur	mtld
frur	mtlr
frur	nirb
frur	nirc
frur	nird
frur	pcka
frur	pgk
frur	ppsa
frur	ptsh
frur	ptsi
frur	pykf
fucr	fuca
fucr	fuci
fucr	fuck
fucr	fuco
fucr	fucp
fucr	fucr
fucr	fucu
fur	cira
fur	enta
fur	entb
fur	entc
fur	entd
fur	ente
fur	feci
fur	fecr
fur	fepa
fur	fepb
fur	fepc
fur	fepd
fur	fepg
fur	fhua
fur	fhub
fur	fhuc
fur	fhud
fur	fur
fur	soda
fur	tonb
fur	ybdb
galr	gale
galr	galk
galr	galm
galr	gals
galr	galt
gals	gals
gals	mgla
gals	mglb
gals	mglc
gatr	gata
gatr	gatb
gatr	gatc
gatr	gatd
gatr	gatr_2
gatr	gaty
gatr	gatz
gcva	gcva
gcva	gcvh
gcva	gcvp
gcva	gcvt
glcc	glcb
glcc	glcd
glcc	glce
glcc	glcf
glcc	glcg
glna	glna
glpr	glpa
glpr	glpb
glpr	glpc
glpr	glpd
glpr	glpf
glpr	glpk
glpr	glpq
glpr	glpt
gntr	eda
gntr	edd
gntr	gntk
gntr	gntt
gntr	gntu_1
gntr	gntu_2
gutm	gutm
gutm	gutq
gutm	srla
gutm	srlb
gutm	srld
gutm	srle
gutm	srlr
gutr	gutm
gutr	gutq
gutr	srla
gutr	srlb
gutr	srld
gutr	srle
gutr	srlr
hcar	hcaa1
hcar	hcaa2
hcar	hcab
hcar	hcac
hcar	hcad
hcar	hcar
hcar	ypha
hima	hima
hipb	hipa
hipb	hipb
hns	adia
hns	bola
hns	cada
hns	cadb
hns	caif
hns	flhc
hns	flhd
hns	flia
hns	fliy
hns	fliz
hns	hlye
hns	hns
hns	mukb
hns	muke
hns	mukf
hns	nhaa
hns	osmc
hns	prov
hns	prow
hns	prox
hns	rcsa
hns	rcsb
hns	smta
hns	stpa
hydg	zrap
icia	dnaa
icia	dnan
icia	recf
iclr	acea
iclr	aceb
iclr	acek
idnr	idnd
idnr	idno
idnr	idnr
idnr	idnt
ihf	acea
ihf	aceb
ihf	acek
ihf	adia
ihf	caia
ihf	caib
ihf	caic
ihf	caid
ihf	caie
ihf	cait
ihf	cara
ihf	carb
ihf	dps
ihf	ecpd
ihf	envz
ihf	fima
ihf	fimc
ihf	fimd
ihf	fimf
ihf	fimg
ihf	fimh
ihf	fimi
ihf	foca
ihf	glcb
ihf	glcd
ihf	glce
ihf	glcf
ihf	glcg
ihf	glnh
ihf	glnp
ihf	glnq
ihf	glta
ihf	hima
ihf	himd
ihf	htre
ihf	hyca
ihf	hycb
ihf	hycc
ihf	hycd
ihf	hyce
ihf	hycf
ihf	hycg
ihf	hych
ihf	hypa
ihf	hypb
ihf	hypc
ihf	hypd
ihf	hype
ihf	ilva
ihf	ilvd
ihf	ilve
ihf	ilvg_1
ihf	ilvg_2
ihf	ilvl
ihf	ilvm
ihf	mtr
ihf	narg
ihf	narh
ihf	nari
ihf	narj
ihf	nark
ihf	ndh
ihf	nmpc
ihf	nuoa
ihf	nuob
ihf	nuoc
ihf	nuoe
ihf	nuof
ihf	nuog
ihf	nuoh
ihf	nuoi
ihf	nuoj
ihf	nuok
ihf	nuol
ihf	nuom
ihf	nuon
ihf	ompc
ihf	ompf
ihf	ompr
ihf	osme
ihf	pflb
ihf	pspa
ihf	pspb
ihf	pspc
ihf	pspd
ihf	pspe
ihf	soda
ihf	suca
ihf	sucb
ihf	succ
ihf	sucd
ihf	tdca
ihf	tdcb
ihf	tdcc
ihf	tdcd
ihf	tdce
ihf	tdcf
ihf	tdcg
ihf	tyrp
ihf	yeil
ilvy	ilvc
ilvy	ilvy
kdpe	kdpa
kdpe	kdpb
kdpe	kdpc
laci	laca
laci	lacy
laci	lacz
lctr	lctd
lctr	lctp
lctr	lctr
leuo	leua
leuo	leub
leuo	leuc
leuo	leud
leuo	leul
lexa	dinf
lexa	dnag
lexa	lexa
lexa	phrb
lexa	polb
lexa	reca
lexa	recn
lexa	rpod
lexa	rpsu
lexa	ssb
lexa	sula
lexa	umuc
lexa	umud
lexa	uvra
lexa	uvrb
lexa	uvrc
lexa	uvrd
lrp	aidb
lrp	dada
lrp	dadx
lrp	fima
lrp	fimc
lrp	fimd
lrp	fimf
lrp	fimg
lrp	fimh
lrp	fimi
lrp	gcvh
lrp	gcvp
lrp	gcvt
lrp	gltb
lrp	gltd
lrp	gltf
lrp	ilva
lrp	ilvd
lrp	ilve
lrp	ilvg_1
lrp	ilvg_2
lrp	ilvh
lrp	ilvi
lrp	ilvl
lrp	ilvm
lrp	kbl
lrp	leua
lrp	leub
lrp	leuc
lrp	leud
lrp	leul
lrp	livf
lrp	livg
lrp	livh
lrp	livj
lrp	livk
lrp	livm
lrp	lrp
lrp	lysu
lrp	malt
lrp	ompc
lrp	ompf
lrp	oppa
lrp	oppb
lrp	oppc
lrp	oppd
lrp	oppf
lrp	osmc
lrp	sdaa
lrp	sera
lrp	serc
lrp	stpa
lrp	tdh
lrp	yeil
lysr	lysa
lysr	lysr
lysr	tdca
lysr	tdcb
lysr	tdcc
lysr	tdcd
lysr	tdce
lysr	tdcf
lysr	tdcg
mali	mali
mali	malx
mali	maly
malt	lamb
malt	male
malt	malf
malt	malg
malt	malk
malt	malm
malt	malp
malt	malq
malt	mals
malt	malz
maob	maoa
maob	maob
maob	maoc
maob	maod
maob	maoe
mara	fpr
mara	fumc
mara	mara
mara	marb
mara	marr
mara	nfo
mara	soda
mara	zwf
marr	mara
marr	marb
marr	marr
melr	mela
melr	melb
melr	melr
metj	meta
metj	metc
metj	metf
metj	metj
metj	metr
metr	glya
metr	meta
metr	meth
metr	metr
mhpr	mhpa
mhpr	mhpb
mhpr	mhpc
mhpr	mhpd
mhpr	mhpe
mhpr	mhpf
mlc	crr
mlc	malt
mlc	manx
mlc	many
mlc	manz
mlc	ptsg
mlc	ptsh
mlc	ptsi
mode	hyca
mode	hycb
mode	hycc
mode	hycd
mode	hyce
mode	hycf
mode	hycg
mode	hych
mode	moda
mode	modb
mode	modc
mode	mode
mtlr	mtla
mtlr	mtld
mtlr	mtlr
nac	gdha
nac	puta
nac	putp
nadr	nadb
nadr	nadr
nadr	pncb
nagc	glms
nagc	glmu
nagc	manx
nagc	many
nagc	manz
nagc	naga
nagc	nagb
nagc	nagc
nagc	nagd
nagc	nage
narl	adhe
narl	caif
narl	ccma
narl	ccmb
narl	ccmc
narl	ccmd
narl	ccme
narl	ccmf
narl	ccmh
narl	cydc
narl	cydd
narl	cysg
narl	dcub
narl	dmsa
narl	dmsb
narl	dmsc
narl	dsbe
narl	fdng
narl	fdnh
narl	fdni
narl	foca
narl	frda
narl	frdb
narl	frdc
narl	frdd
narl	fumb
narl	napa
narl	napb
narl	napc
narl	napd
narl	napf
narl	napg
narl	naph
narl	narg
narl	narh
narl	nari
narl	narj
narl	nark
narl	nirb
narl	nirc
narl	nird
narl	nrfa
narl	nrfb
narl	nrfc
narl	nrfd
narl	nrfe
narl	nrff
narl	nrfg
narl	nuoa
narl	nuob
narl	nuoc
narl	nuoe
narl	nuof
narl	nuog
narl	nuoh
narl	nuoi
narl	nuoj
narl	nuok
narl	nuol
narl	nuom
narl	nuon
narl	pflb
narl	tora
narl	torc
narl	tord
narp	ccma
narp	ccmb
narp	ccmc
narp	ccmd
narp	ccme
narp	ccmf
narp	ccmh
narp	dsbe
narp	napa
narp	napb
narp	napc
narp	napd
narp	napf
narp	napg
narp	naph
nhar	nhaa
nr(i)	amtb
nr(i)	glna
nr(i)	glng
nr(i)	glnh
nr(i)	glnk
nr(i)	glnl
nr(i)	glnp
nr(i)	glnq
ompr	csga
ompr	csgb
ompr	csgd
ompr	csge
ompr	csgf
ompr	csgg
ompr	fadl
ompr	flhc
ompr	flhd
ompr	nmpc
ompr	ompc
ompr	ompf
oxyr	ahpc
oxyr	ahpf
oxyr	dps
oxyr	gora
oxyr	katg
oxyr	oxyr
pdhr	acee
pdhr	acef
pdhr	lpda
pdhr	pdhr
phdr	phdr
phob	b4103
phob	phnc
phob	phnd
phob	phne
phob	phnf
phob	phng
phob	phnh
phob	phni
phob	phnj
phob	phnk
phob	phnl
phob	phnm
phob	phnn
phob	phno
phob	phnp
phob	phoa
phob	phob
phob	phoe
phob	phoh
phob	phor
phob	phou
phob	psif
phob	psta
phob	pstb
phob	pstc
phob	psts
pspf	pspa
pspf	pspb
pspf	pspc
pspf	pspd
pspf	pspe
purr	coda
purr	codb
purr	cvpa
purr	gcvh
purr	gcvp
purr	gcvt
purr	glnb
purr	glya
purr	guaa
purr	guab
purr	prsa
purr	purb
purr	purc
purr	purd
purr	pure
purr	purf
purr	purh
purr	purk
purr	purl
purr	purm
purr	purn
purr	purr
purr	pyrc
purr	pyrd
purr	spea
purr	speb
purr	ubix
purr	ycfc
rbsr	rbsa
rbsr	rbsb
rbsr	rbsc
rbsr	rbsd
rbsr	rbsk
rcsab	b2060
rcsab	ftsa
rcsab	ftsq
rcsab	ftsz
rcsab	rcsa
rcsab	wcaa
rcsab	wcab
rcsab	wza
rcsab	wzb
rcsb	b2060
rcsb	rcsa
rcsb	wcaa
rcsb	wcab
rcsb	wza
rcsb	wzb
rhar	rhar
rhar	rhas
rhas	rhaa
rhas	rhab
rhas	rhad
rhas	rhat
rhasr	rhaa
rhasr	rhab
rhasr	rhad
rhasr	rhar
rhasr	rhas
rhasr	rhat
rob	aslb
rob	fumc
rob	gale
rob	galk
rob	galm
rob	galt
rob	inaa
rob	mara
rob	marb
rob	marr
rob	mdla
rob	nfo
rob	soda
rob	ybao
rob	ybis
rob	yfhd
rob	zwf
rpir	alsa
rpir	alsb
rpir	alsc
rpir	alse
rpir	alsk
rpir	rpib
rpir	rpir
rpoe	cutc
rpoe	ecfa
rpoe	ecfb
rpoe	ecfc
rpoe	ecfd
rpoe	ecff
rpoe	ecfg
rpoe	ecfh
rpoe	ecfi
rpoe	ecfj
rpoe	ecfk
rpoe	ecfl
rpoe	ecfm
rpoe	fkpa
rpoe	htra
rpoe	mdog
rpoe	mdoh
rpoe	rfac
rpoe	rfad
rpoe	rfaf
rpoe	rfal
rpoe	rpod
rpoe	rpoh
rtcr	rtca
rtcr	rtcb
sdia	ftsa
sdia	ftsq
sdia	ftsz
soxr	soxr
soxr	soxs
soxs	acna
soxs	fpr
soxs	fumc
soxs	mara
soxs	marb
soxs	marr
soxs	nfo
soxs	soda
soxs	soxs
soxs	zwf
tdca	tdca
tdca	tdcb
tdca	tdcc
tdca	tdcd
tdca	tdce
tdca	tdcf
tdca	tdcg
tdcr	tdca
tdcr	tdcb
tdcr	tdcc
tdcr	tdcd
tdcr	tdce
tdcr	tdcf
tdcr	tdcg
torr	tora
torr	torc
torr	tord
torr	torr
trer	treb
trer	trec
trpr	aroh
trpr	arol
trpr	arom
trpr	mtr
trpr	trpa
trpr	trpb
trpr	trpc
trpr	trpd
trpr	trpe
trpr	trpl
trpr	trpr
trpr	yaia
tyrr	arof
tyrr	arog
tyrr	arol
tyrr	arom
tyrr	arop
tyrr	mtr
tyrr	tyra
tyrr	tyrb
tyrr	tyrp
tyrr	tyrr
tyrr	yaia
uhpa	uhpt
uidr	uida
uidr	uidb
uidr	uidc
uidr	uidr
uxur	uida
uxur	uidb
uxur	uidc
uxur	uidr
uxur	uxua
uxur	uxub
uxur	uxur
xapr	xapa
xapr	xapb
xylr	xyla
xylr	xylb
xylr	xylf
xylr	xylg
xylr	xylh
xylr	xylr
yiaj	yiak
yiaj	yial
yiaj	yiam
yiaj	yian
yiaj	yiao
yiaj	yiap
yiaj	yiaq
yiaj	yiar
yiaj	yias
yjbk	znua
yjbk	znub
yjbk	znuc
zntr	znta